<?xml version="1.0" encoding="utf-8"?>
<repository xmlns:x="rpa://selector/core" xmlns:regex="rpa://selector/operator/regex" xmlns:wildcard="rpa://selector/operator/wildcard">
  <group id="509d4c9a-78ab-4189-90c9-968450898469" name="报喜海报生成 - 扣子 AI 智能体" type="Web" processName="chrome" icon=".dev\icon\9f86ce9a-abfe-4a7a-85bc-a18e6b54efc8.png" criteria="https://www.coze.cn">
    <selector id="8fd04127-4a31-4a02-91b1-453ec6b3000c" name="coze网页自定义背景" type="simple" framework="chrome" processName="chrome" productName="Google Chrome" winTitle="报喜海报生成 - 扣子 AI 智能体" screenshot=".dev\screenshot\7399d5c8-44f4-4f47-a469-eb1d19ec11b7.jpg">
      <web x:name="div">
        <optional id="root" index="0" index-of-type="0" />
      </web>
      <web x:name="div">
        <optional index="0" index-of-type="0" />
      </web>
      <web x:name="div">
        <optional index="0" index-of-type="0" />
      </web>
      <web x:name="div">
        <optional class="coz-bg-plus coz-layout flex flex-row h-full items-stretch w-full" index="0" index-of-type="0" />
      </web>
      <web x:name="div">
        <optional class="coz-bg-plus coz-layout flex flex-1 flex-col overflow-x-hidden relative" index="0" index-of-type="0" />
      </web>
      <web x:name="div">
        <optional class="layout--l5ka4elwpdoectizc4yx ui-layout--ppwubm17v28nmvhbmdlw" index="0" index-of-type="0" />
      </web>
      <web x:name="div">
        <optional class="content-container--puh9ukr9_kw673u6r4vm ui-content--f0sujlgvjvkftogiowz2" index="1" index-of-type="1" />
      </web>
      <web x:name="div">
        <optional class="container-wrapper--vgzow_mnh4zcnv6hjj1h flex h-full w-full" index="0" index-of-type="0" />
      </web>
      <web x:name="div">
        <optional class="container--saofg94zevwldg17xefo" index="0" index-of-type="0" />
      </web>
      <web x:name="div">
        <optional class="chat-area-container--zueqbffulf0b3fwauksy" index="0" index-of-type="0" />
      </web>
      <web x:name="div">
        <optional class="chat-area-main--a0bdnogko7txcgkv1gmy chat-area-main-pc--akeqzglyzwsja6qunewi" index="0" index-of-type="0" />
      </web>
      <web x:name="div">
        <optional class="chat-input-integration-layout--nez4ck4pkrueaely3t8a" index="4" index-of-type="4" />
      </web>
      <web x:name="div">
        <optional class="flex items-center justify-center shortcut-bar--gbifuctooqy2oh_wdedc w-full" index="1" index-of-type="1" />
      </web>
      <web x:name="div">
        <optional aria-expanded="false" aria-haspopup="dialog" tabindex="0" aria-controls="90qwm13" data-popupid="90qwm13" class="box-border flex justify-start pb-4 relative" index="0" index-of-type="0" />
      </web>
      <web x:name="div">
        <optional class="semi-overflow-list" index="0" index-of-type="0" />
      </web>
      <web x:name="div" index="0">
        <optional class="semi-overflow-list-item" index-of-type="0" />
      </web>
      <web x:name="div" class="backdrop-blur-[3.45px] border-[1px] border-solid coz-mg-secondary coz-stroke-primary mr-8px overflow-hidden rounded-[99px]">
        <optional index="0" index-of-type="0" />
      </web>
    </selector>
    <selector id="d0e2e0e8-8479-41c4-82a4-691db0407611" name="coze自定义背景num" type="simple" framework="chrome" processName="chrome" productName="Google Chrome" winTitle="报喜海报生成 - 扣子 AI 智能体" screenshot=".dev\screenshot\ed20a55d-27a6-4846-8361-390943c14463.jpg">
      <web x:name="div">
        <optional id="root" index="0" index-of-type="0" />
      </web>
      <web x:name="div">
        <optional index="0" index-of-type="0" />
      </web>
      <web x:name="div">
        <optional index="0" index-of-type="0" />
      </web>
      <web x:name="div">
        <optional class="coz-bg-plus coz-layout flex flex-row h-full items-stretch w-full" index="0" index-of-type="0" />
      </web>
      <web x:name="div">
        <optional class="coz-bg-plus coz-layout flex flex-1 flex-col overflow-x-hidden relative" index="0" index-of-type="0" />
      </web>
      <web x:name="div">
        <optional class="layout--l5ka4elwpdoectizc4yx ui-layout--ppwubm17v28nmvhbmdlw" index="0" index-of-type="0" />
      </web>
      <web x:name="div">
        <optional class="content-container--puh9ukr9_kw673u6r4vm ui-content--f0sujlgvjvkftogiowz2" index="1" index-of-type="1" />
      </web>
      <web x:name="div">
        <optional class="container-wrapper--vgzow_mnh4zcnv6hjj1h flex h-full w-full" index="0" index-of-type="0" />
      </web>
      <web x:name="div">
        <optional class="container--saofg94zevwldg17xefo" index="0" index-of-type="0" />
      </web>
      <web x:name="div">
        <optional class="chat-area-container--zueqbffulf0b3fwauksy" index="0" index-of-type="0" />
      </web>
      <web x:name="div">
        <optional class="chat-area-main--a0bdnogko7txcgkv1gmy chat-area-main-pc--akeqzglyzwsja6qunewi" index="0" index-of-type="0" />
      </web>
      <web x:name="div">
        <optional class="chat-input-integration-layout--nez4ck4pkrueaely3t8a" index="4" index-of-type="4" />
      </web>
      <web x:name="div">
        <optional class="shortcut-template--elqd1gbqwewdjctly2jk" index="1" index-of-type="1" />
      </web>
      <web x:name="div">
        <optional class="p-3" index="1" index-of-type="1" />
      </web>
      <web x:name="div">
        <optional class="flex-1 overflow-hidden" index="0" index-of-type="0" />
      </web>
      <web x:name="form">
        <optional autocomplete="off" x-form-id="59e192aa-b008-4f42-95a6-7543739bb57b" class="semi-form semi-form-vertical w-full" index="0" index-of-type="0" />
      </web>
      <web x:name="div">
        <optional class="flex-1 overflow-hidden" index="0" index-of-type="0" />
      </web>
      <web x:name="div">
        <optional class="flex gap-2 items-center justify-between mb-3 w-full" index="0" index-of-type="0" />
      </web>
      <web x:name="div">
        <optional class="flex-1 overflow-hidden" index="0" index-of-type="0" />
      </web>
      <web x:name="div">
        <optional index="0" index-of-type="0" />
      </web>
      <web x:name="div">
        <optional x-label-pos="top" x-field-id="num" x-extra-pos="bottom" class="semi-form-field" index="1" index-of-type="1" />
      </web>
      <web x:name="div">
        <optional class="semi-form-field-main" index="0" index-of-type="0" />
      </web>
      <web x:name="div">
        <optional class="semi-input-wrapper semi-input-wrapper-default w-full" index="0" index-of-type="0" />
      </web>
      <web x:name="input" id="num" type="text">
        <optional aria-required="false" aria-labelledby="num-label" placeholder="" value="" class="semi-input semi-input-default" index="0" index-of-type="0" />
      </web>
    </selector>
    <selector id="4cc59366-2df5-4b69-ab9b-96db1ec579a4" name="coze自定义背景title" type="simple" framework="chrome" processName="chrome" productName="Google Chrome" winTitle="报喜海报生成 - 扣子 AI 智能体" screenshot=".dev\screenshot\1168c102-8bab-42c6-a852-0b4e94d6ac13.jpg">
      <web x:name="div">
        <optional id="root" index="0" index-of-type="0" />
      </web>
      <web x:name="div">
        <optional index="0" index-of-type="0" />
      </web>
      <web x:name="div">
        <optional index="0" index-of-type="0" />
      </web>
      <web x:name="div">
        <optional class="coz-bg-plus coz-layout flex flex-row h-full items-stretch w-full" index="0" index-of-type="0" />
      </web>
      <web x:name="div">
        <optional class="coz-bg-plus coz-layout flex flex-1 flex-col overflow-x-hidden relative" index="0" index-of-type="0" />
      </web>
      <web x:name="div">
        <optional class="layout--l5ka4elwpdoectizc4yx ui-layout--ppwubm17v28nmvhbmdlw" index="0" index-of-type="0" />
      </web>
      <web x:name="div">
        <optional class="content-container--puh9ukr9_kw673u6r4vm ui-content--f0sujlgvjvkftogiowz2" index="1" index-of-type="1" />
      </web>
      <web x:name="div">
        <optional class="container-wrapper--vgzow_mnh4zcnv6hjj1h flex h-full w-full" index="0" index-of-type="0" />
      </web>
      <web x:name="div">
        <optional class="container--saofg94zevwldg17xefo" index="0" index-of-type="0" />
      </web>
      <web x:name="div">
        <optional class="chat-area-container--zueqbffulf0b3fwauksy" index="0" index-of-type="0" />
      </web>
      <web x:name="div">
        <optional class="chat-area-main--a0bdnogko7txcgkv1gmy chat-area-main-pc--akeqzglyzwsja6qunewi" index="0" index-of-type="0" />
      </web>
      <web x:name="div">
        <optional class="chat-input-integration-layout--nez4ck4pkrueaely3t8a" index="4" index-of-type="4" />
      </web>
      <web x:name="div">
        <optional class="shortcut-template--elqd1gbqwewdjctly2jk" index="1" index-of-type="1" />
      </web>
      <web x:name="div">
        <optional class="p-3" index="1" index-of-type="1" />
      </web>
      <web x:name="div">
        <optional class="flex-1 overflow-hidden" index="0" index-of-type="0" />
      </web>
      <web x:name="form">
        <optional autocomplete="off" x-form-id="59e192aa-b008-4f42-95a6-7543739bb57b" class="semi-form semi-form-vertical w-full" index="0" index-of-type="0" />
      </web>
      <web x:name="div">
        <optional class="flex-1 overflow-hidden" index="0" index-of-type="0" />
      </web>
      <web x:name="div">
        <optional class="flex gap-2 items-center justify-between mb-3 w-full" index="0" index-of-type="0" />
      </web>
      <web x:name="div">
        <optional class="flex-1 overflow-hidden" index="1" index-of-type="1" />
      </web>
      <web x:name="div">
        <optional index="0" index-of-type="0" />
      </web>
      <web x:name="div">
        <optional x-label-pos="top" x-field-id="title" x-extra-pos="bottom" class="semi-form-field" index="1" index-of-type="1" />
      </web>
      <web x:name="div">
        <optional class="semi-form-field-main" index="0" index-of-type="0" />
      </web>
      <web x:name="div">
        <optional class="semi-input-wrapper semi-input-wrapper-default semi-input-wrapper-focus w-full" index="0" index-of-type="0" />
      </web>
      <web x:name="input" id="title" type="text">
        <optional aria-required="false" aria-labelledby="title-label" placeholder="喜报" value="" class="semi-input semi-input-default" index="0" index-of-type="0" />
      </web>
    </selector>
    <selector id="d54bf90a-5ca1-4827-94be-06448c56bb69" name="coze自定义背景content" type="simple" framework="chrome" processName="chrome" productName="Google Chrome" winTitle="报喜海报生成 - 扣子 AI 智能体" screenshot=".dev\screenshot\dbcc1d6b-c588-4d9e-a5dd-123468e8b9e6.jpg">
      <web x:name="div">
        <optional id="root" index="0" index-of-type="0" />
      </web>
      <web x:name="div">
        <optional index="0" index-of-type="0" />
      </web>
      <web x:name="div">
        <optional index="0" index-of-type="0" />
      </web>
      <web x:name="div">
        <optional class="coz-bg-plus coz-layout flex flex-row h-full items-stretch w-full" index="0" index-of-type="0" />
      </web>
      <web x:name="div">
        <optional class="coz-bg-plus coz-layout flex flex-1 flex-col overflow-x-hidden relative" index="0" index-of-type="0" />
      </web>
      <web x:name="div">
        <optional class="layout--l5ka4elwpdoectizc4yx ui-layout--ppwubm17v28nmvhbmdlw" index="0" index-of-type="0" />
      </web>
      <web x:name="div">
        <optional class="content-container--puh9ukr9_kw673u6r4vm ui-content--f0sujlgvjvkftogiowz2" index="1" index-of-type="1" />
      </web>
      <web x:name="div">
        <optional class="container-wrapper--vgzow_mnh4zcnv6hjj1h flex h-full w-full" index="0" index-of-type="0" />
      </web>
      <web x:name="div">
        <optional class="container--saofg94zevwldg17xefo" index="0" index-of-type="0" />
      </web>
      <web x:name="div">
        <optional class="chat-area-container--zueqbffulf0b3fwauksy" index="0" index-of-type="0" />
      </web>
      <web x:name="div">
        <optional class="chat-area-main--a0bdnogko7txcgkv1gmy chat-area-main-pc--akeqzglyzwsja6qunewi" index="0" index-of-type="0" />
      </web>
      <web x:name="div">
        <optional class="chat-input-integration-layout--nez4ck4pkrueaely3t8a" index="4" index-of-type="4" />
      </web>
      <web x:name="div">
        <optional class="shortcut-template--elqd1gbqwewdjctly2jk" index="1" index-of-type="1" />
      </web>
      <web x:name="div">
        <optional class="p-3" index="1" index-of-type="1" />
      </web>
      <web x:name="div">
        <optional class="flex-1 overflow-hidden" index="0" index-of-type="0" />
      </web>
      <web x:name="form">
        <optional autocomplete="off" x-form-id="59e192aa-b008-4f42-95a6-7543739bb57b" class="semi-form semi-form-vertical w-full" index="0" index-of-type="0" />
      </web>
      <web x:name="div">
        <optional class="flex-1 overflow-hidden" index="1" index-of-type="1" />
      </web>
      <web x:name="div">
        <optional class="flex gap-2 items-center justify-between mb-3 w-full" index="0" index-of-type="0" />
      </web>
      <web x:name="div">
        <optional class="flex-1 overflow-hidden" index="0" index-of-type="0" />
      </web>
      <web x:name="div">
        <optional index="0" index-of-type="0" />
      </web>
      <web x:name="div">
        <optional x-label-pos="top" x-field-id="content" x-extra-pos="bottom" class="semi-form-field" index="1" index-of-type="1" />
      </web>
      <web x:name="div">
        <optional class="semi-form-field-main" index="0" index-of-type="0" />
      </web>
      <web x:name="div">
        <optional class="semi-input-wrapper semi-input-wrapper-default w-full" index="0" index-of-type="0" />
      </web>
      <web x:name="input" id="content" type="text">
        <optional aria-required="false" aria-labelledby="content-label" placeholder="" value="" class="semi-input semi-input-default" index="0" index-of-type="0" />
      </web>
    </selector>
    <selector id="f96534f6-d43b-414f-975a-84c6bc937087" name="是否原创下拉框" type="simple" framework="chrome" processName="chrome" productName="Google Chrome" winTitle="报喜海报生成 - 扣子 AI 智能体" screenshot=".dev\screenshot\93a7b1f3-2727-497f-87ec-f1719af8cd70.jpg">
      <web x:name="div">
        <optional id="root" index="0" index-of-type="0" />
      </web>
      <web x:name="div">
        <optional index="0" index-of-type="0" />
      </web>
      <web x:name="div">
        <optional index="0" index-of-type="0" />
      </web>
      <web x:name="div">
        <optional class="coz-bg-plus coz-layout flex flex-row h-full items-stretch w-full" index="0" index-of-type="0" />
      </web>
      <web x:name="div">
        <optional class="coz-bg-plus coz-layout flex flex-1 flex-col overflow-x-hidden relative" index="0" index-of-type="0" />
      </web>
      <web x:name="div">
        <optional class="layout--l5ka4elwpdoectizc4yx ui-layout--ppwubm17v28nmvhbmdlw" index="0" index-of-type="0" />
      </web>
      <web x:name="div">
        <optional class="content-container--puh9ukr9_kw673u6r4vm ui-content--f0sujlgvjvkftogiowz2" index="1" index-of-type="1" />
      </web>
      <web x:name="div">
        <optional class="container-wrapper--vgzow_mnh4zcnv6hjj1h flex h-full w-full" index="0" index-of-type="0" />
      </web>
      <web x:name="div">
        <optional class="container--saofg94zevwldg17xefo" index="0" index-of-type="0" />
      </web>
      <web x:name="div">
        <optional class="chat-area-container--zueqbffulf0b3fwauksy" index="0" index-of-type="0" />
      </web>
      <web x:name="div">
        <optional class="chat-area-main--a0bdnogko7txcgkv1gmy chat-area-main-pc--akeqzglyzwsja6qunewi" index="0" index-of-type="0" />
      </web>
      <web x:name="div">
        <optional class="chat-input-integration-layout--nez4ck4pkrueaely3t8a" index="4" index-of-type="4" />
      </web>
      <web x:name="div">
        <optional class="shortcut-template--elqd1gbqwewdjctly2jk" index="1" index-of-type="1" />
      </web>
      <web x:name="div">
        <optional class="p-3" index="1" index-of-type="1" />
      </web>
      <web x:name="div">
        <optional class="flex-1 overflow-hidden" index="0" index-of-type="0" />
      </web>
      <web x:name="form">
        <optional autocomplete="off" x-form-id="c7b529f1-dcdb-4fc4-a8c8-6714a30ef2ec" class="semi-form semi-form-vertical w-full" index="0" index-of-type="0" />
      </web>
      <web x:name="div">
        <optional class="flex-1 overflow-hidden" index="1" index-of-type="1" />
      </web>
      <web x:name="div">
        <optional class="flex gap-2 items-center justify-between mb-3 w-full" index="0" index-of-type="0" />
      </web>
      <web x:name="div">
        <optional class="flex-1 overflow-hidden" index="1" index-of-type="1" />
      </web>
      <web x:name="div">
        <optional index="0" index-of-type="0" />
      </web>
      <web x:name="div">
        <optional x-label-pos="top" x-field-id="origin" x-extra-pos="bottom" class="semi-form-field" index="1" index-of-type="1" />
      </web>
      <web x:name="div">
        <optional class="semi-form-field-main" index="0" index-of-type="0" />
      </web>
      <web x:name="div">
        <optional role="combobox" aria-disabled="false" aria-expanded="true" aria-controls="semi-select-e1k5gcc" aria-haspopup="listbox" aria-label="selected" aria-labelledby="origin-label" aria-required="true" id="origin" tabindex="0" aria-activedescendant="origin-option-0" data-popupid="epkgb6i" class="light-ui-select--wl3d0dprzo1_xycfa8_m semi-select semi-select-focus semi-select-open semi-select-single ui-select-default--rdfvclvh7a0sga6avnea w-full" index="0" index-of-type="0" />
      </web>
      <web x:name="div" class="semi-select-arrow">
        <optional x-semi-prop="arrowIcon" index="1" index-of-type="1" />
      </web>
    </selector>
    <selector id="20d9a9c7-0786-411c-9ef4-471721ed5633" name="自定义背景是否原创-否" type="simple" framework="chrome" processName="chrome" productName="Google Chrome" winTitle="报喜海报生成 - 扣子 AI 智能体" screenshot=".dev\screenshot\c0c102e3-40b4-48fe-9d1a-0b29124d61c5.jpg">
      <web x:name="div">
        <optional class="semi-portal" index="55" index-of-type="5" />
      </web>
      <web x:name="div">
        <optional tabindex="-1" class="semi-portal-inner" index="0" index-of-type="0" />
      </web>
      <web x:name="div">
        <optional role="dialog" x-placement="bottomLeft" id="epkgb6i" class="semi-popover-wrapper semi-popover-wrapper-show" index="0" index-of-type="0" />
      </web>
      <web x:name="div">
        <optional class="semi-tooltip-content" index="0" index-of-type="0" />
      </web>
      <web x:name="div">
        <optional class="semi-popover" index="0" index-of-type="0" />
      </web>
      <web x:name="div">
        <optional class="semi-popover-content" index="0" index-of-type="0" />
      </web>
      <web x:name="div">
        <optional id="semi-select-e1k5gcc" class="semi-select-option-list-wrapper ui-select-dropdown--imfmu2r4t3q559cnx0cy" index="0" index-of-type="0" />
      </web>
      <web x:name="div">
        <optional role="listbox" aria-multiselectable="false" class="semi-select-option-list semi-select-option-list-chosen" index="0" index-of-type="0" />
      </web>
      <web x:name="div" class="ui-select-option--nhtcvw__7iefd7lnf1em" index="1">
        <optional data-testid="ui.select.option" index-of-type="1" />
      </web>
    </selector>
    <selector id="05e090d9-7fa8-4456-92b5-d58dc4398004" name="coze自定义背景点击或拖放文件" type="simple" framework="chrome" processName="chrome" productName="Google Chrome" winTitle="报喜海报生成 - 扣子 AI 智能体" screenshot=".dev\screenshot\94d4aa8a-2f6c-4af9-ab83-59b469a2483f.jpg">
      <web x:name="div">
        <optional id="root" index="0" index-of-type="0" />
      </web>
      <web x:name="div">
        <optional index="0" index-of-type="0" />
      </web>
      <web x:name="div">
        <optional index="0" index-of-type="0" />
      </web>
      <web x:name="div">
        <optional class="coz-bg-plus coz-layout flex flex-row h-full items-stretch w-full" index="0" index-of-type="0" />
      </web>
      <web x:name="div">
        <optional class="coz-bg-plus coz-layout flex flex-1 flex-col overflow-x-hidden relative" index="0" index-of-type="0" />
      </web>
      <web x:name="div">
        <optional class="layout--l5ka4elwpdoectizc4yx ui-layout--ppwubm17v28nmvhbmdlw" index="0" index-of-type="0" />
      </web>
      <web x:name="div">
        <optional class="content-container--puh9ukr9_kw673u6r4vm ui-content--f0sujlgvjvkftogiowz2" index="1" index-of-type="1" />
      </web>
      <web x:name="div">
        <optional class="container-wrapper--vgzow_mnh4zcnv6hjj1h flex h-full w-full" index="0" index-of-type="0" />
      </web>
      <web x:name="div">
        <optional class="container--saofg94zevwldg17xefo" index="0" index-of-type="0" />
      </web>
      <web x:name="div">
        <optional class="chat-area-container--zueqbffulf0b3fwauksy" index="0" index-of-type="0" />
      </web>
      <web x:name="div">
        <optional class="chat-area-main--a0bdnogko7txcgkv1gmy chat-area-main-pc--akeqzglyzwsja6qunewi" index="0" index-of-type="0" />
      </web>
      <web x:name="div">
        <optional class="chat-input-integration-layout--nez4ck4pkrueaely3t8a" index="4" index-of-type="4" />
      </web>
      <web x:name="div">
        <optional class="shortcut-template--elqd1gbqwewdjctly2jk" index="1" index-of-type="1" />
      </web>
      <web x:name="div">
        <optional class="p-3" index="1" index-of-type="1" />
      </web>
      <web x:name="div">
        <optional class="flex-1 overflow-hidden" index="0" index-of-type="0" />
      </web>
      <web x:name="form">
        <optional autocomplete="off" x-form-id="c7b529f1-dcdb-4fc4-a8c8-6714a30ef2ec" class="semi-form semi-form-vertical w-full" index="0" index-of-type="0" />
      </web>
      <web x:name="div">
        <optional class="flex-1 overflow-hidden" index="2" index-of-type="2" />
      </web>
      <web x:name="div">
        <optional class="flex gap-2 items-center justify-between mb-3 w-full" index="0" index-of-type="0" />
      </web>
      <web x:name="div">
        <optional class="flex-1 overflow-hidden" index="0" index-of-type="0" />
      </web>
      <web x:name="div">
        <optional index="0" index-of-type="0" />
      </web>
      <web x:name="div">
        <optional x-label-pos="top" x-field-id="img" x-extra-pos="bottom" class="semi-form-field semi-form-field-img" index="1" index-of-type="1" />
      </web>
      <web x:name="div">
        <optional class="semi-form-field-main" index="0" index-of-type="0" />
      </web>
      <web x:name="div">
        <optional class="container--qvoniruevg0tmyx_8tca flex gap-2 items-center justify-start" index="0" index-of-type="0" />
      </web>
      <web x:name="div">
        <optional x-prompt-pos="right" class="semi-upload semi-upload-success w-full" index="0" index-of-type="0" />
      </web>
      <web x:name="div">
        <optional role="button" tabindex="0" aria-disabled="false" class="semi-upload-drag-area semi-upload-drag-area-custom" index="2" index-of-type="0" />
      </web>
      <web x:name="button" type="button">
        <optional aria-disabled="false" class="button--yjdwteqjbdkspq0v7xol button-min-width--eg1na7tsnarmfjcoony9 semi-button semi-button-light semi-button-primary semi-button-with-icon upload-button--j_n2anahnm0m7wv7nefg w-full" index="0" index-of-type="0" />
      </web>
    </selector>
    <selector id="4537ebc7-e42e-4bd1-aba6-c68f146125a0" name="自定义背景板发送按钮" type="simple" framework="chrome" processName="chrome" productName="Google Chrome" winTitle="报喜海报生成 - 扣子 AI 智能体" screenshot=".dev\screenshot\93db2a56-9b6c-4e10-9e65-0dbcf8252821.jpg">
      <web x:name="div">
        <optional id="root" index="0" index-of-type="0" />
      </web>
      <web x:name="div">
        <optional index="0" index-of-type="0" />
      </web>
      <web x:name="div">
        <optional index="0" index-of-type="0" />
      </web>
      <web x:name="div">
        <optional class="coz-bg-plus coz-layout flex flex-row h-full items-stretch w-full" index="0" index-of-type="0" />
      </web>
      <web x:name="div">
        <optional class="coz-bg-plus coz-layout flex flex-1 flex-col overflow-x-hidden relative" index="0" index-of-type="0" />
      </web>
      <web x:name="div">
        <optional class="layout--l5ka4elwpdoectizc4yx ui-layout--ppwubm17v28nmvhbmdlw" index="0" index-of-type="0" />
      </web>
      <web x:name="div">
        <optional class="content-container--puh9ukr9_kw673u6r4vm ui-content--f0sujlgvjvkftogiowz2" index="1" index-of-type="1" />
      </web>
      <web x:name="div">
        <optional class="container-wrapper--vgzow_mnh4zcnv6hjj1h flex h-full w-full" index="0" index-of-type="0" />
      </web>
      <web x:name="div">
        <optional class="container--saofg94zevwldg17xefo" index="0" index-of-type="0" />
      </web>
      <web x:name="div">
        <optional class="chat-area-container--zueqbffulf0b3fwauksy" index="0" index-of-type="0" />
      </web>
      <web x:name="div">
        <optional class="chat-area-main--a0bdnogko7txcgkv1gmy chat-area-main-pc--akeqzglyzwsja6qunewi" index="0" index-of-type="0" />
      </web>
      <web x:name="div">
        <optional class="chat-input-integration-layout--nez4ck4pkrueaely3t8a" index="4" index-of-type="4" />
      </web>
      <web x:name="div">
        <optional class="shortcut-template--elqd1gbqwewdjctly2jk" index="1" index-of-type="1" />
      </web>
      <web x:name="div">
        <optional class="p-3" index="1" index-of-type="1" />
      </web>
      <web x:name="div">
        <optional class="flex-1 overflow-hidden" index="0" index-of-type="0" />
      </web>
      <web x:name="form">
        <optional autocomplete="off" x-form-id="e16c444d-58ca-4a0e-bfa6-399b575d8c76" class="semi-form semi-form-vertical w-full" index="0" index-of-type="0" />
      </web>
      <web x:name="div">
        <optional class="flex-1 overflow-hidden" index="3" index-of-type="3" />
      </web>
      <web x:name="div">
        <optional class="flex justify-end" index="0" index-of-type="0" />
      </web>
      <web x:name="button" type="submit">
        <optional aria-disabled="false" class="semi-button semi-button-borderless semi-button-primary semi-button-size-small semi-button-with-icon semi-button-with-icon-only" index="0" index-of-type="0" />
      </web>
    </selector>
    <selector id="732e28ea-7450-45a6-a455-3623afecc582" name="coze发送按钮" type="simple" framework="chrome" processName="chrome" productName="Google Chrome" winTitle="报喜海报生成 - 扣子 AI 智能体" screenshot=".dev\screenshot\6538276e-52ea-454b-a0b1-5f7318ead8ff.jpg">
      <web x:name="div">
        <optional id="root" index="0" index-of-type="0" />
      </web>
      <web x:name="div">
        <optional index="0" index-of-type="0" />
      </web>
      <web x:name="div">
        <optional index="0" index-of-type="0" />
      </web>
      <web x:name="div">
        <optional class="coz-bg-plus coz-layout flex flex-row h-full items-stretch w-full" index="0" index-of-type="0" />
      </web>
      <web x:name="div">
        <optional class="coz-bg-plus coz-layout flex flex-1 flex-col overflow-x-hidden relative" index="0" index-of-type="0" />
      </web>
      <web x:name="div">
        <optional class="layout--l5ka4elwpdoectizc4yx ui-layout--ppwubm17v28nmvhbmdlw" index="0" index-of-type="0" />
      </web>
      <web x:name="div">
        <optional class="content-container--puh9ukr9_kw673u6r4vm ui-content--f0sujlgvjvkftogiowz2" index="1" index-of-type="1" />
      </web>
      <web x:name="div">
        <optional class="container-wrapper--vgzow_mnh4zcnv6hjj1h flex h-full w-full" index="0" index-of-type="0" />
      </web>
      <web x:name="div">
        <optional class="container--saofg94zevwldg17xefo" index="0" index-of-type="0" />
      </web>
      <web x:name="div">
        <optional class="chat-area-container--zueqbffulf0b3fwauksy" index="0" index-of-type="0" />
      </web>
      <web x:name="div">
        <optional class="chat-area-main--a0bdnogko7txcgkv1gmy chat-area-main-pc--akeqzglyzwsja6qunewi" index="0" index-of-type="0" />
      </web>
      <web x:name="div">
        <optional class="chat-input-integration-layout--nez4ck4pkrueaely3t8a" index="4" index-of-type="4" />
      </web>
      <web x:name="div">
        <optional class="chat-input--fuji0te29vur893nlfjd" index="2" index-of-type="2" />
      </web>
      <web x:name="div">
        <optional index="0" index-of-type="0" />
      </web>
      <web x:name="div">
        <optional class="input-container--wr9gvk7v5ii9hkjykv93" index="0" index-of-type="0" />
      </web>
      <web x:name="div">
        <optional class="input-wrap--jmmzmvrowngpedaavcob" index="0" index-of-type="0" />
      </web>
      <web x:name="div">
        <optional class="!coz-stroke-hglt coz-bg-max coz-stroke-primary input-focus--jk5ltha9cwjvhnldhwzd textarea-with-top-rows--t2lhetoxnuwb6ghgkxqf" index="1" index-of-type="1" />
      </web>
      <web x:name="div">
        <optional class="pl-20px pr-8px py-8px textarea-with-actions-container--td10k8jtitilyhp_wgtk textarea-with-actions-container__row--isvlqgptsugysizlyiqe" index="0" index-of-type="0" />
      </web>
      <web x:name="div">
        <optional class="textarea-actions-container--xrx3jpcj3lksoloypoqj" index="1" index-of-type="0" />
      </web>
      <web x:name="div" class="textarea-actions-right--uqdghccf44rt4cvxd8rc">
        <optional index="0" index-of-type="0" />
      </web>
      <web x:name="div">
        <optional class="coz-icon-button coz-icon-button-default" index="0" index-of-type="0" />
      </web>
      <web x:name="button" type="button" class="active:coz-mg-secondary-pressed bg-transparent coz-btn-default coz-btn-secondary coz-button coz-fg-secondary duration-150 ease-in-out focus:outline-none hover:coz-mg-secondary-hovered semi-button semi-button-primary semi-button-with-icon semi-button-with-icon-only transition">
        <optional data-testid="bot-home-chart-send-button" aria-describedby="hrdcvuj" tabindex="0" data-popupid="hrdcvuj" aria-disabled="false" index="0" index-of-type="0" />
      </web>
    </selector>
    <selector id="ee5b002e-17ec-442d-b692-7975ca0f9e5b" name="coze复制按钮" type="simple" framework="chrome" processName="chrome" productName="Google Chrome" winTitle="报喜海报生成 - 扣子 AI 智能体" screenshot=".dev\screenshot\95367943-e873-4cf8-b821-5f22ed1785a5.jpg">
      <web x:name="div">
        <optional id="root" index="0" index-of-type="0" />
      </web>
      <web x:name="div">
        <optional index="0" index-of-type="0" />
      </web>
      <web x:name="div">
        <optional index="0" index-of-type="0" />
      </web>
      <web x:name="div">
        <optional class="coz-bg-plus coz-layout flex flex-row h-full items-stretch w-full" index="0" index-of-type="0" />
      </web>
      <web x:name="div">
        <optional class="coz-bg-plus coz-layout flex flex-1 flex-col overflow-x-hidden relative" index="0" index-of-type="0" />
      </web>
      <web x:name="div">
        <optional class="layout--l5ka4elwpdoectizc4yx ui-layout--ppwubm17v28nmvhbmdlw" index="0" index-of-type="0" />
      </web>
      <web x:name="div">
        <optional class="content-container--puh9ukr9_kw673u6r4vm ui-content--f0sujlgvjvkftogiowz2" index="1" index-of-type="1" />
      </web>
      <web x:name="div">
        <optional class="container-wrapper--vgzow_mnh4zcnv6hjj1h flex h-full w-full" index="0" index-of-type="0" />
      </web>
      <web x:name="div">
        <optional class="container--saofg94zevwldg17xefo" index="0" index-of-type="0" />
      </web>
      <web x:name="div">
        <optional class="chat-area-container--zueqbffulf0b3fwauksy" index="0" index-of-type="0" />
      </web>
      <web x:name="div">
        <optional class="chat-area-main--a0bdnogko7txcgkv1gmy chat-area-main-pc--akeqzglyzwsja6qunewi" index="0" index-of-type="0" />
      </web>
      <web x:name="div">
        <optional class="scroll-mask--iqkwxode6ssiisssbq7p scroll-view--czlhmyy9ggv_mkqtmx7o scroll-view--r_ws6acls2gn7puhpdb0" index="3" index-of-type="3" />
      </web>
      <web x:name="div">
        <optional data-testid="chat-area.message-content" class="content--hv5ikiecwmbs4ig79keg" index="0" index-of-type="0" />
      </web>
      <web x:name="div">
        <optional data-scroll-element="scrollable" class="reverse--k8bbnc91ytegn2a0fko4 scrollable--cr2nv8aiey04fymgzdcy scrollbar-width-none--t5yrlrpw01op8h6duday" index="0" index-of-type="0" />
      </web>
      <web x:name="div">
        <optional class="message-group-wrapper wrapper--jnz_8yrwxcgwyikej6gs" index="1" index-of-type="1" />
      </web>
      <web x:name="div">
        <optional class="border--e1jee9ebo6stadmvr3ji" index="0" index-of-type="0" />
      </web>
      <web x:name="div">
        <optional class="content--bon1bp_7bqxi1fm2lxan" index="0" index-of-type="0" />
      </web>
      <web x:name="div">
        <optional data-message-id="7428838623837192255" index="1" index-of-type="1" />
      </web>
      <web x:name="div">
        <optional class="wrapper--rzpuminlkdiwi7djnztt wrapper-last--heajezvptosfdnicof21 wrapper-only-one--p0kowxpzxz8bja36vnl7" index="0" index-of-type="0" />
      </web>
      <web x:name="div">
        <optional class="max-w-full" index="0" index-of-type="0" />
      </web>
      <web x:name="div">
        <optional class="flex flex-row mx-[24px] my-0" index="0" index-of-type="0" />
      </web>
      <web x:name="div">
        <optional class="flex-1 max-w-[calc(100%-44px)]" index="1" index-of-type="1" />
      </web>
      <web x:name="div">
        <optional class="flex flex-col max-w-full relative w-fit" index="0" index-of-type="0" />
      </web>
      <web x:name="div">
        <optional class="overflow-visible" index="2" index-of-type="2" />
      </web>
      <web x:name="div">
        <optional class="container--zlqddlry7tmuoephx4aj" index="0" index-of-type="0" />
      </web>
      <web x:name="div">
        <optional class="icon-container--zkwwfqb7ttsvjpjjvznc" index="0" index-of-type="0" />
      </web>
      <web x:name="div" class="left-content--yzqflv7fygkgvwe1diin">
        <optional data-testid="chat-area.answer-action.left-content" index="0" index-of-type="0" />
      </web>
      <web x:name="div" index="0">
        <optional class="coz-icon-button coz-icon-button-small" index-of-type="0" />
      </web>
      <web x:name="button" type="button">
        <optional data-testid="chat-area.answer-action.copy-button" tabindex="0" aria-disabled="false" aria-describedby="lybw794" data-popupid="lybw794" class="active:coz-mg-secondary-pressed bg-transparent coz-btn-secondary coz-btn-small coz-button coz-fg-secondary duration-150 ease-in-out focus:outline-none hover:coz-mg-secondary-hovered semi-button semi-button-primary semi-button-with-icon semi-button-with-icon-only transition" index="0" index-of-type="0" />
      </web>
    </selector>
    <selector id="985ca0fc-6132-455c-8077-46038d93ce40" name="coze自定义背景提交按钮" type="simple" framework="chrome" processName="chrome" productName="Google Chrome" winTitle="报喜海报生成 - 扣子 AI 智能体" screenshot=".dev\screenshot\518730a6-8ac4-4987-b805-fa4e1f73ee16.jpg">
      <web x:name="div">
        <optional id="root" index="0" index-of-type="0" />
      </web>
      <web x:name="div">
        <optional index="0" index-of-type="0" />
      </web>
      <web x:name="div">
        <optional index="0" index-of-type="0" />
      </web>
      <web x:name="div">
        <optional class="coz-bg-plus coz-layout flex flex-row h-full items-stretch w-full" index="0" index-of-type="0" />
      </web>
      <web x:name="div">
        <optional class="coz-bg-plus coz-layout flex flex-1 flex-col overflow-x-hidden relative" index="0" index-of-type="0" />
      </web>
      <web x:name="div">
        <optional class="layout--l5ka4elwpdoectizc4yx ui-layout--ppwubm17v28nmvhbmdlw" index="0" index-of-type="0" />
      </web>
      <web x:name="div">
        <optional class="content-container--puh9ukr9_kw673u6r4vm ui-content--f0sujlgvjvkftogiowz2" index="1" index-of-type="1" />
      </web>
      <web x:name="div">
        <optional class="container-wrapper--vgzow_mnh4zcnv6hjj1h flex h-full w-full" index="0" index-of-type="0" />
      </web>
      <web x:name="div">
        <optional class="container--saofg94zevwldg17xefo" index="0" index-of-type="0" />
      </web>
      <web x:name="div">
        <optional class="chat-area-container--zueqbffulf0b3fwauksy" index="0" index-of-type="0" />
      </web>
      <web x:name="div">
        <optional class="chat-area-main--a0bdnogko7txcgkv1gmy chat-area-main-pc--akeqzglyzwsja6qunewi" index="0" index-of-type="0" />
      </web>
      <web x:name="div">
        <optional class="chat-input-integration-layout--nez4ck4pkrueaely3t8a" index="4" index-of-type="4" />
      </web>
      <web x:name="div">
        <optional class="shortcut-template--elqd1gbqwewdjctly2jk" index="1" index-of-type="1" />
      </web>
      <web x:name="div">
        <optional class="p-3" index="1" index-of-type="1" />
      </web>
      <web x:name="div">
        <optional class="flex-1 overflow-hidden" index="0" index-of-type="0" />
      </web>
      <web x:name="form">
        <optional autocomplete="off" x-form-id="790614b2-23e4-4746-94ec-23331ffd8ddb" class="semi-form semi-form-vertical w-full" index="0" index-of-type="0" />
      </web>
      <web x:name="div">
        <optional class="flex-1 overflow-hidden" index="3" index-of-type="3" />
      </web>
      <web x:name="div">
        <optional class="flex justify-end" index="0" index-of-type="0" />
      </web>
      <web x:name="button" type="submit">
        <optional aria-disabled="false" class="semi-button semi-button-borderless semi-button-primary semi-button-size-small semi-button-with-icon semi-button-with-icon-only" index="0" index-of-type="0" />
      </web>
    </selector>
  </group>
  <group id="32fec38e-8391-41bc-bc6a-be5652b955f3" name="报喜海报生成 - 扣子 AI 智能体 - Google Chrome" type="Win32" processName="chrome" icon=".dev\icon\5311227d-3495-458d-a0e2-c3bf1818ed9c.png" criteria="">
    <selector id="a5d23870-6c8e-4df7-9ff8-9e1b1b486329" name="打开文件编辑框" type="simple" framework="win32" processName="chrome" productName="" winTitle="报喜海报生成 - 扣子 AI 智能体 - Google Chrome" screenshot=".dev\screenshot\28234ee9-e208-452b-b6fd-bd264de15580.jpg">
      <wnd x:name="Window" cls="Chrome_WidgetWin_1" title="报喜海报生成 - 扣子 AI 智能体 - Google Chrome" app="chrome">
        <optional />
      </wnd>
      <wnd x:name="Window" cls="#32770" title="Sb">
        <optional />
      </wnd>
      <wnd x:name="Pane" cls="ComboBoxEx32">
        <optional index="2" />
      </wnd>
      <wnd x:name="ComboBox" cls="ComboBox" uia-name="文件名(N):">
        <optional index="0" />
      </wnd>
      <wnd x:name="Edit" cls="Edit" uia-name="文件名(N):">
        <optional index="0" />
      </wnd>
    </selector>
    <selector id="33f186f6-6b7f-427b-945e-3e3365ee9287" name="打开文件-打开按钮" type="simple" framework="win32" processName="chrome" productName="" winTitle="报喜海报生成 - 扣子 AI 智能体 - Google Chrome" screenshot=".dev\screenshot\f3fdee5f-17ef-4986-b650-19209c6edd8f.jpg">
      <wnd x:name="Window" cls="Chrome_WidgetWin_1" title="报喜海报生成 - 扣子 AI 智能体 - Google Chrome" app="chrome">
        <optional />
      </wnd>
      <wnd x:name="Window" cls="#32770" title="Sb">
        <optional />
      </wnd>
      <wnd x:name="Button" cls="Button" uia-name="打开(O)">
        <optional title="打开(&amp;O)" index="5" />
      </wnd>
    </selector>
  </group>
</repository>